{
	"info": {
		"_postman_id": "1a10d880-c4ba-4025-af1a-817730515e44",
		"name": "linkShortener",
		"schema": "https://schema.getpostman.com/json/collection/v2.1.0/collection.json",
		"_exporter_id": "9644773"
	},
	"item": [
		{
			"name": "Usuario",
			"item": [
				{
					"name": "Registrar usuario",
					"event": [
						{
							"listen": "test",
							"script": {
								"exec": [
									"let resp = pm.response.json();\r",
									"\r",
									"if(resp.token){\r",
									"    let token = resp.token;\r",
									"    pm.environment.set(\"token\", token);\r",
									"}else{\r",
									"    console.log(\"No se actualizó el token\");\r",
									"}"
								],
								"type": "text/javascript"
							}
						}
					],
					"request": {
						"method": "POST",
						"header": [],
						"body": {
							"mode": "raw",
							"raw": "{\r\n    \"name\": \"Francisco\",\r\n    \"email\": \"fmesasc@gmail.com\",\r\n    \"password\": \"abecedario\"\r\n}",
							"options": {
								"raw": {
									"language": "json"
								}
							}
						},
						"url": {
							"raw": "{{url}}/api/users/register",
							"host": [
								"{{url}}"
							],
							"path": [
								"api",
								"users",
								"register"
							]
						}
					},
					"response": []
				},
				{
					"name": "Obtener todos los usuarios",
					"protocolProfileBehavior": {
						"disableBodyPruning": true
					},
					"request": {
						"method": "GET",
						"header": [
							{
								"key": "Authorization",
								"value": "{{token}}",
								"type": "text"
							}
						],
						"body": {
							"mode": "raw",
							"raw": ""
						},
						"url": {
							"raw": "{{url}}/api/users",
							"host": [
								"{{url}}"
							],
							"path": [
								"api",
								"users"
							]
						}
					},
					"response": []
				},
				{
					"name": "Login de Usuario",
					"event": [
						{
							"listen": "test",
							"script": {
								"exec": [
									"let resp = pm.response.json();\r",
									"\r",
									"if(resp.token){\r",
									"    let token = resp.token;\r",
									"    pm.environment.set(\"token\", token);\r",
									"}else{\r",
									"    console.log(\"No se actualizó el token\");\r",
									"}"
								],
								"type": "text/javascript"
							}
						}
					],
					"request": {
						"method": "POST",
						"header": [],
						"body": {
							"mode": "raw",
							"raw": "{\r\n    \"email\": \"fmesasc@gmail.com\",\r\n    \"password\": \"abecedario\"\r\n}",
							"options": {
								"raw": {
									"language": "json"
								}
							}
						},
						"url": {
							"raw": "{{url}}/api/users/login",
							"host": [
								"{{url}}"
							],
							"path": [
								"api",
								"users",
								"login"
							]
						}
					},
					"response": []
				},
				{
					"name": "Obtener un usuario concreto",
					"protocolProfileBehavior": {
						"disableBodyPruning": true
					},
					"request": {
						"method": "GET",
						"header": [
							{
								"key": "Authorization",
								"value": "{{token}}",
								"type": "text"
							}
						],
						"body": {
							"mode": "raw",
							"raw": ""
						},
						"url": {
							"raw": "{{url}}/api/users/2",
							"host": [
								"{{url}}"
							],
							"path": [
								"api",
								"users",
								"2"
							]
						}
					},
					"response": []
				},
				{
					"name": "Actualizar datos del usuario",
					"request": {
						"method": "PUT",
						"header": [
							{
								"key": "Authorization",
								"value": "{{token}}",
								"type": "text"
							}
						],
						"body": {
							"mode": "raw",
							"raw": "{\r\n    \"email\": \"fmesasc@gmail.com\",\r\n    \"password\": \"abecedario2\"\r\n}",
							"options": {
								"raw": {
									"language": "json"
								}
							}
						},
						"url": {
							"raw": "{{url}}/api/users/3",
							"host": [
								"{{url}}"
							],
							"path": [
								"api",
								"users",
								"3"
							]
						}
					},
					"response": []
				},
				{
					"name": "Eliminar usuario",
					"request": {
						"method": "DELETE",
						"header": [
							{
								"key": "Authorization",
								"value": "{{token}}",
								"type": "text"
							}
						],
						"body": {
							"mode": "raw",
							"raw": ""
						},
						"url": {
							"raw": "{{url}}/api/users/2",
							"host": [
								"{{url}}"
							],
							"path": [
								"api",
								"users",
								"2"
							]
						}
					},
					"response": []
				}
			]
		},
		{
			"name": "Shortcuts",
			"item": [
				{
					"name": "Añadir URL",
					"event": [
						{
							"listen": "test",
							"script": {
								"exec": [
									""
								],
								"type": "text/javascript"
							}
						}
					],
					"request": {
						"method": "POST",
						"header": [
							{
								"key": "Authorization",
								"value": "{{token}}",
								"type": "text"
							}
						],
						"body": {
							"mode": "raw",
							"raw": "{\r\n    \"originalUrl\": \"google.com\",\r\n    \"shortenedUrl\": \"google\"\r\n}",
							"options": {
								"raw": {
									"language": "json"
								}
							}
						},
						"url": {
							"raw": "{{url}}/api/urls/",
							"host": [
								"{{url}}"
							],
							"path": [
								"api",
								"urls",
								""
							]
						}
					},
					"response": []
				},
				{
					"name": "Obtener URL",
					"request": {
						"method": "GET",
						"header": [
							{
								"key": "Authorization",
								"value": "{{token}}",
								"type": "text"
							}
						],
						"url": {
							"raw": "{{url}}/api/urls/fran",
							"host": [
								"{{url}}"
							],
							"path": [
								"api",
								"urls",
								"fran"
							]
						}
					},
					"response": []
				},
				{
					"name": "Modificar URL",
					"request": {
						"method": "PUT",
						"header": [
							{
								"key": "Authorization",
								"value": "{{token}}",
								"type": "text"
							}
						],
						"body": {
							"mode": "raw",
							"raw": "{\r\n    \"originalUrl\": \"fmesasc.com\",\r\n    \"shortenedUrl\": \"fran\"\r\n}",
							"options": {
								"raw": {
									"language": "json"
								}
							}
						},
						"url": {
							"raw": "{{url}}/api/urls/fran",
							"host": [
								"{{url}}"
							],
							"path": [
								"api",
								"urls",
								"fran"
							]
						}
					},
					"response": []
				},
				{
					"name": "Eliminar URL",
					"request": {
						"method": "DELETE",
						"header": [
							{
								"key": "Authorization",
								"value": "{{token}}",
								"type": "text"
							}
						],
						"url": {
							"raw": "{{url}}/api/urls/fran",
							"host": [
								"{{url}}"
							],
							"path": [
								"api",
								"urls",
								"fran"
							]
						}
					},
					"response": []
				}
			]
		}
	],
	"event": [
		{
			"listen": "prerequest",
			"script": {
				"type": "text/javascript",
				"exec": [
					""
				]
			}
		},
		{
			"listen": "test",
			"script": {
				"type": "text/javascript",
				"exec": [
					""
				]
			}
		}
	],
	"variable": [
		{
			"key": "url",
			"value": "localhost:3000",
			"type": "string"
		}
	]
}